[
    {
        "name": "Senate Committee on Indian Affairs",
        "link": "/wiki/Senate_Committee_on_Indian_Affairs"
    },
    {
        "name": "former versions",
        "link": "/wiki/Federally_recognized_tribes#Former_versions"
    },
    {
        "name": "Absentee-Shawnee Tribe of Indians of Oklahoma",
        "link": "/wiki/Absentee-Shawnee_Tribe_of_Indians_of_Oklahoma"
    },
    {
        "name": "Agua Caliente Band of Cahuilla Indians of the Agua Caliente Indian Reservation, California",
        "link": "/wiki/Agua_Caliente_Band_of_Cahuilla_Indians_of_the_Agua_Caliente_Indian_Reservation,_California"
    },
    {
        "name": "Ak Chin Indian Community of the Maricopa (Ak Chin) Indian Reservation, Arizona",
        "link": "/wiki/Ak_Chin_Indian_Community_of_the_Maricopa_(Ak_Chin)_Indian_Reservation,_Arizona"
    },
    {
        "name": "Alabama-Coushatta Tribe of Texas",
        "link": "/wiki/Alabama-Coushatta_Tribe_of_Texas"
    },
    {
        "name": "Alabama-Coushatta Tribes of Texas",
        "link": "/wiki/Alabama-Coushatta_Tribes_of_Texas"
    },
    {
        "name": "Alabama-Quassarte Tribal Town, Oklahoma",
        "link": "/wiki/Alabama-Quassarte_Tribal_Town,_Oklahoma"
    },
    {
        "name": "Alturas Indian Rancheria, California",
        "link": "/wiki/Alturas_Indian_Rancheria,_California"
    },
    {
        "name": "Apache Tribe of Oklahoma",
        "link": "/wiki/Apache_Tribe_of_Oklahoma"
    },
    {
        "name": "Arapahoe Tribe of the Wind River Reservation, Wyoming",
        "link": "/wiki/Arapahoe_Tribe_of_the_Wind_River_Reservation,_Wyoming"
    },
    {
        "name": "Aroostook Band of Micmac Indians of Maine",
        "link": "/wiki/Aroostook_Band_of_Micmac_Indians_of_Maine"
    },
    {
        "name": "Assiniboine and Sioux Tribes of the Fort Peck Indian Reservation, Montana",
        "link": "/wiki/Assiniboine_and_Sioux_Tribes_of_the_Fort_Peck_Indian_Reservation,_Montana"
    },
    {
        "name": "Bad River Band of the Lake Superior Tribe of Chippewa Indians of the Bad River Reservation, Wisconsin",
        "link": "/wiki/Bad_River_Band_of_the_Lake_Superior_Tribe_of_Chippewa_Indians_of_the_Bad_River_Reservation,_Wisconsin"
    },
    {
        "name": "Bay Mills Indian Community, Michigan",
        "link": "/wiki/Bay_Mills_Indian_Community,_Michigan"
    },
    {
        "name": "Bear River Band of the Rohnerville Rancheria, California",
        "link": "/wiki/Bear_River_Band_of_the_Rohnerville_Rancheria,_California"
    },
    {
        "name": "Big Lagoon Rancheria, California",
        "link": "/wiki/Big_Lagoon_Rancheria,_California"
    },
    {
        "name": "Big Pine Band of Owens Valley Paiute Shoshone Indians of the Big Pine Reservation, California",
        "link": "/wiki/Big_Pine_Band_of_Owens_Valley_Paiute_Shoshone_Indians_of_the_Big_Pine_Reservation,_California"
    },
    {
        "name": "Big Sandy Rancheria of Western Mono Indians of California",
        "link": "/wiki/Big_Sandy_Rancheria_of_Western_Mono_Indians_of_California"
    },
    {
        "name": "Big Sandy Rancheria of Mono Indians of California",
        "link": "/wiki/Big_Sandy_Rancheria_of_Mono_Indians_of_California"
    },
    {
        "name": "Big Valley Band of Pomo Indians of the Big Valley Rancheria, California",
        "link": "/wiki/Big_Valley_Band_of_Pomo_Indians_of_the_Big_Valley_Rancheria,_California"
    },
    {
        "name": "Paiute-Shoshone Indians of the Bishop Community of the Bishop Colony, California",
        "link": "/wiki/Paiute-Shoshone_Indians_of_the_Bishop_Community_of_the_Bishop_Colony,_California"
    },
    {
        "name": "Blackfeet Tribe of the Blackfeet Indian Reservation of Montana",
        "link": "/wiki/Blackfeet_Tribe_of_the_Blackfeet_Indian_Reservation_of_Montana"
    },
    {
        "name": "Blue Lake Rancheria, California",
        "link": "/wiki/Blue_Lake_Rancheria,_California"
    },
    {
        "name": "Bridgeport Indian Colony",
        "link": "/wiki/Bridgeport_Indian_Colony"
    },
    {
        "name": "Burns Paiute Tribe of the Burns Paiute Indian Colony of Oregon",
        "link": "/wiki/Burns_Paiute_Tribe_of_the_Burns_Paiute_Indian_Colony_of_Oregon"
    },
    {
        "name": "Cabazon Band of Mission Indians, California",
        "link": "/wiki/Cabazon_Band_of_Mission_Indians,_California"
    },
    {
        "name": "Cabazon Band of Cahuilla Mission Indians of the Cabazon Reservation",
        "link": "/wiki/Cabazon_Band_of_Cahuilla_Mission_Indians_of_the_Cabazon_Reservation"
    },
    {
        "name": "Cachil DeHe Band of Wintun Indians of the Colusa Indian Community of the Colusa Rancheria, California",
        "link": "/wiki/Cachil_DeHe_Band_of_Wintun_Indians_of_the_Colusa_Indian_Community_of_the_Colusa_Rancheria,_California"
    },
    {
        "name": "Caddo Nation of Oklahoma",
        "link": "/wiki/Caddo_Nation_of_Oklahoma"
    },
    {
        "name": "Caddo Indian Tribe of Oklahoma",
        "link": "/wiki/Caddo_Indian_Tribe_of_Oklahoma"
    },
    {
        "name": "Cahto Tribe",
        "link": "/wiki/Cahto_Tribe"
    },
    {
        "name": "Cahto Indian Tribe of the Laytonville Rancheria, California",
        "link": "/wiki/Cahto_Indian_Tribe_of_the_Laytonville_Rancheria,_California"
    },
    {
        "name": "Cahuilla Band of Mission Indians of the Cahuilla Reservation, California",
        "link": "/wiki/Cahuilla_Band_of_Mission_Indians_of_the_Cahuilla_Reservation,_California"
    },
    {
        "name": "California Valley Miwok Tribe, California",
        "link": "/wiki/California_Valley_Miwok_Tribe,_California"
    },
    {
        "name": "Sheep Ranch Rancheria of Me-Wuk Indians of California",
        "link": "/wiki/Sheep_Ranch_Rancheria_of_Me-Wuk_Indians_of_California"
    },
    {
        "name": "Campo Band of Diegueno Mission Indians of the Campo Indian Reservation, California",
        "link": "/wiki/Campo_Band_of_Diegueno_Mission_Indians_of_the_Campo_Indian_Reservation,_California"
    },
    {
        "name": "Capitan Grande Band of Diegueno Mission Indians of California",
        "link": "/wiki/Capitan_Grande_Band_of_Diegueno_Mission_Indians_of_California"
    },
    {
        "name": "Barona Group of Capitan Grande Band of Mission Indians of the Barona Reservation, California",
        "link": "/wiki/Barona_Group_of_Capitan_Grande_Band_of_Mission_Indians_of_the_Barona_Reservation,_California"
    },
    {
        "name": "Viejas (Baron Long) Group of Capitan Grande Band of Mission Indians of the Viejas Reservation, California",
        "link": "/wiki/Viejas_(Baron_Long)_Group_of_Capitan_Grande_Band_of_Mission_Indians_of_the_Viejas_Reservation,_California"
    },
    {
        "name": "Catawba Indian Nation",
        "link": "/wiki/Catawba_Indian_Nation"
    },
    {
        "name": "Catawba Tribe of South Carolina",
        "link": "/wiki/Catawba_Tribe_of_South_Carolina"
    },
    {
        "name": "Cedarville Rancheria, California",
        "link": "/wiki/Cedarville_Rancheria,_California"
    },
    {
        "name": "Chemehuevi Indian Tribe of the Chemehuevi Reservation, California",
        "link": "/wiki/Chemehuevi_Indian_Tribe_of_the_Chemehuevi_Reservation,_California"
    },
    {
        "name": "Cher-Ae Heights Indian Community of the Trinidad Rancheria, California",
        "link": "/wiki/Cher-Ae_Heights_Indian_Community_of_the_Trinidad_Rancheria,_California"
    },
    {
        "name": "Cherokee Nation, Oklahoma",
        "link": "/wiki/Cherokee_Nation,_Oklahoma"
    },
    {
        "name": "Cheyenne and Arapaho Tribes, Oklahoma",
        "link": "/wiki/Cheyenne_and_Arapaho_Tribes,_Oklahoma"
    },
    {
        "name": "Cheyenne-Arapaho Tribes of Oklahoma",
        "link": "/wiki/Cheyenne-Arapaho_Tribes_of_Oklahoma"
    },
    {
        "name": "Cheyenne River Sioux Tribe of the Cheyenne River Reservation, South Dakota",
        "link": "/wiki/Cheyenne_River_Sioux_Tribe_of_the_Cheyenne_River_Reservation,_South_Dakota"
    },
    {
        "name": "Chickasaw Nation, Oklahoma",
        "link": "/wiki/Chickasaw_Nation,_Oklahoma"
    },
    {
        "name": "Chippewa-Cree Indians of the Rocky Boy's Reservation, Montana",
        "link": "/wiki/Chippewa-Cree_Indians_of_the_Rocky_Boy%27s_Reservation,_Montana"
    },
    {
        "name": "Chitimacha Tribe of Louisiana",
        "link": "/wiki/Chitimacha_Tribe_of_Louisiana"
    },
    {
        "name": "Citizen Potawatomi Nation, Oklahoma",
        "link": "/wiki/Citizen_Potawatomi_Nation,_Oklahoma"
    },
    {
        "name": "Cocopah Tribe of Arizona",
        "link": "/wiki/Cocopah_Tribe_of_Arizona"
    },
    {
        "name": "Coeur D'Alene Tribe",
        "link": "/wiki/Coeur_D%27Alene_Tribe"
    },
    {
        "name": "Coeur D'Alene Tribe of the Coeur D'Alene Reservation, Idaho",
        "link": "/wiki/Coeur_D%27Alene_Tribe_of_the_Coeur_D%27Alene_Reservation,_Idaho"
    },
    {
        "name": "Colorado River Indian Tribes of the Colorado River Indian Reservation, Arizona and California",
        "link": "/wiki/Colorado_River_Indian_Tribes_of_the_Colorado_River_Indian_Reservation,_Arizona_and_California"
    },
    {
        "name": "Comanche Nation, Oklahoma",
        "link": "/wiki/Comanche_Nation,_Oklahoma"
    },
    {
        "name": "Comanche Indian Tribe",
        "link": "/wiki/Comanche_Indian_Tribe"
    },
    {
        "name": "Confederated Salish & Kootenai Tribes of the Flathead Reservation, Montana",
        "link": "/wiki/Confederated_Salish_%26_Kootenai_Tribes_of_the_Flathead_Reservation,_Montana"
    },
    {
        "name": "Confederated Tribes and Bands of the Yakama Nation, Washington",
        "link": "/wiki/Confederated_Tribes_and_Bands_of_the_Yakama_Nation,_Washington"
    },
    {
        "name": "Confederated Tribes and Bands of the Yakama Indian Nation of the Yakama Reservation",
        "link": "/wiki/Confederated_Tribes_and_Bands_of_the_Yakama_Indian_Nation_of_the_Yakama_Reservation"
    },
    {
        "name": "Confederated Tribes of Siletz Indians of Oregon",
        "link": "/wiki/Confederated_Tribes_of_Siletz_Indians_of_Oregon"
    },
    {
        "name": "Confederated Tribes of the Siletz Reservation",
        "link": "/wiki/Confederated_Tribes_of_the_Siletz_Reservation"
    },
    {
        "name": "Confederated Tribes of the Chehalis Reservation, Washington",
        "link": "/wiki/Confederated_Tribes_of_the_Chehalis_Reservation,_Washington"
    },
    {
        "name": "Confederated Tribes of the Colville Reservation, Washington",
        "link": "/wiki/Confederated_Tribes_of_the_Colville_Reservation,_Washington"
    },
    {
        "name": "Confederated Tribes of the Coos, Lower Umpqua and Siuslaw Indians of Oregon",
        "link": "/wiki/Confederated_Tribes_of_the_Coos,_Lower_Umpqua_and_Siuslaw_Indians_of_Oregon"
    },
    {
        "name": "Confederated Tribes of the Goshute Reservation, Nevada and Utah",
        "link": "/wiki/Confederated_Tribes_of_the_Goshute_Reservation,_Nevada_and_Utah"
    },
    {
        "name": "Confederated Tribes of the Umatilla Reservation, Oregon",
        "link": "/wiki/Confederated_Tribes_of_the_Umatilla_Reservation,_Oregon"
    },
    {
        "name": "Confederated Tribes of the Warm Springs Reservation of Oregon",
        "link": "/wiki/Confederated_Tribes_of_the_Warm_Springs_Reservation_of_Oregon"
    },
    {
        "name": "Coquille Tribe of Oregon",
        "link": "/wiki/Coquille_Tribe_of_Oregon"
    },
    {
        "name": "Cortina Indian Rancheria of Wintun Indians of California",
        "link": "/wiki/Cortina_Indian_Rancheria_of_Wintun_Indians_of_California"
    },
    {
        "name": "Cow Creek Band of Umpqua Indians of Oregon",
        "link": "/wiki/Cow_Creek_Band_of_Umpqua_Indians_of_Oregon"
    },
    {
        "name": "Cowlitz Indian Tribe, Washington",
        "link": "/wiki/Cowlitz_Indian_Tribe,_Washington"
    },
    {
        "name": "Coyote Valley Band of Pomo Indians of California",
        "link": "/wiki/Coyote_Valley_Band_of_Pomo_Indians_of_California"
    },
    {
        "name": "Crow Creek Sioux Tribe of the Crow Creek Reservation, South Dakota",
        "link": "/wiki/Crow_Creek_Sioux_Tribe_of_the_Crow_Creek_Reservation,_South_Dakota"
    },
    {
        "name": "Crow Tribe of Montana",
        "link": "/wiki/Crow_Tribe_of_Montana"
    },
    {
        "name": "Death Valley Timbi-sha Shoshone Tribe",
        "link": "/wiki/Death_Valley_Timbi-sha_Shoshone_Tribe"
    },
    {
        "name": "Delaware Nation, Oklahoma",
        "link": "/wiki/Delaware_Nation,_Oklahoma"
    },
    {
        "name": "Delaware Tribe of Western Oklahoma",
        "link": "/wiki/Delaware_Tribe_of_Western_Oklahoma"
    },
    {
        "name": "Delaware Tribe of Indians, Oklahoma",
        "link": "/wiki/Delaware_Tribe_of_Indians,_Oklahoma"
    },
    {
        "name": "Dry Creek Rancheria Band of Pomo Indians, California",
        "link": "/wiki/Dry_Creek_Rancheria_Band_of_Pomo_Indians,_California"
    },
    {
        "name": "Dry Creek Rancheria of Pomo Indians of California",
        "link": "/wiki/Dry_Creek_Rancheria_of_Pomo_Indians_of_California"
    },
    {
        "name": "Duckwater Shoshone Tribe of the Duckwater Reservation, Nevada",
        "link": "/wiki/Duckwater_Shoshone_Tribe_of_the_Duckwater_Reservation,_Nevada"
    },
    {
        "name": "Eastern Band of Cherokee Indians of North Carolina",
        "link": "/wiki/Eastern_Band_of_Cherokee_Indians_of_North_Carolina"
    },
    {
        "name": "Elem Indian Colony of Pomo Indians of the Sulphur Bank Rancheria, California",
        "link": "/wiki/Elem_Indian_Colony_of_Pomo_Indians_of_the_Sulphur_Bank_Rancheria,_California"
    },
    {
        "name": "Elk Valley Rancheria, California",
        "link": "/wiki/Elk_Valley_Rancheria,_California"
    },
    {
        "name": "Ely Shoshone Tribe of Nevada",
        "link": "/wiki/Ely_Shoshone_Tribe_of_Nevada"
    },
    {
        "name": "Enterprise Rancheria of Maidu Indians of California",
        "link": "/wiki/Enterprise_Rancheria_of_Maidu_Indians_of_California"
    },
    {
        "name": "Ewiiaapaayp Band of Kumeyaay Indians, California",
        "link": "/wiki/Ewiiaapaayp_Band_of_Kumeyaay_Indians,_California"
    },
    {
        "name": "Cuyapaipe Community of Diegueno Mission Indians of the Cuyapaipe Reservation",
        "link": "/wiki/Cuyapaipe_Community_of_Diegueno_Mission_Indians_of_the_Cuyapaipe_Reservation"
    },
    {
        "name": "Federated Indians of Graton Rancheria, California",
        "link": "/wiki/Federated_Indians_of_Graton_Rancheria,_California"
    },
    {
        "name": "Federated Coast Miwok",
        "link": "/wiki/Federated_Coast_Miwok"
    },
    {
        "name": "Flandreau Santee Sioux Tribe of South Dakota",
        "link": "/wiki/Flandreau_Santee_Sioux_Tribe_of_South_Dakota"
    },
    {
        "name": "Forest County Potawatomi Community, Wisconsin",
        "link": "/wiki/Forest_County_Potawatomi_Community,_Wisconsin"
    },
    {
        "name": "Fort Belknap Indian Community of the Fort Belknap Reservation of Montana",
        "link": "/wiki/Fort_Belknap_Indian_Community_of_the_Fort_Belknap_Reservation_of_Montana"
    },
    {
        "name": "Fort Independence Indian Community of Paiute Indians of the Fort Independence Reservation, California",
        "link": "/wiki/Fort_Independence_Indian_Community_of_Paiute_Indians_of_the_Fort_Independence_Reservation,_California"
    },
    {
        "name": "Fort McDermitt Paiute and Shoshone Tribes of the Fort McDermitt Indian Reservation, Nevada and Oregon",
        "link": "/wiki/Fort_McDermitt_Paiute_and_Shoshone_Tribes_of_the_Fort_McDermitt_Indian_Reservation,_Nevada_and_Oregon"
    },
    {
        "name": "Fort McDowell Yavapai Nation, Arizona",
        "link": "/wiki/Fort_McDowell_Yavapai_Nation,_Arizona"
    },
    {
        "name": "Fort McDowell Mohave-Apache Community of the Fort McDowell Indian Reservation",
        "link": "/wiki/Fort_McDowell_Mohave-Apache_Community_of_the_Fort_McDowell_Indian_Reservation"
    },
    {
        "name": "Fort Mojave Indian Tribe of Arizona, California & Nevada",
        "link": "/wiki/Fort_Mojave_Indian_Tribe_of_Arizona,_California_%26_Nevada"
    },
    {
        "name": "Fort Sill Apache Tribe of Oklahoma",
        "link": "/wiki/Fort_Sill_Apache_Tribe_of_Oklahoma"
    },
    {
        "name": "Gila River Indian Community of the Gila River Indian Reservation, Arizona",
        "link": "/wiki/Gila_River_Indian_Community_of_the_Gila_River_Indian_Reservation,_Arizona"
    },
    {
        "name": "Grand Traverse Band of Ottawa and Chippewa Indians, Michigan",
        "link": "/wiki/Grand_Traverse_Band_of_Ottawa_and_Chippewa_Indians,_Michigan"
    },
    {
        "name": "Greenville Rancheria",
        "link": "/wiki/Greenville_Rancheria"
    },
    {
        "name": "Greenville Rancheria of Maidu Indians of California",
        "link": "/wiki/Greenville_Rancheria_of_Maidu_Indians_of_California"
    },
    {
        "name": "Grindstone Indian Rancheria of Wintun-Wailaki Indians of California",
        "link": "/wiki/Grindstone_Indian_Rancheria_of_Wintun-Wailaki_Indians_of_California"
    },
    {
        "name": "Habematolel Pomo of Upper Lake, California",
        "link": "/wiki/Habematolel_Pomo_of_Upper_Lake,_California"
    },
    {
        "name": "Upper Lake Band of Pomo Indians of Upper Lake Rancheria of California",
        "link": "/wiki/Upper_Lake_Band_of_Pomo_Indians_of_Upper_Lake_Rancheria_of_California"
    },
    {
        "name": "Hannahville Indian Community, Michigan",
        "link": "/wiki/Hannahville_Indian_Community,_Michigan"
    },
    {
        "name": "Havasupai Tribe of the Havasupai Reservation, Arizona",
        "link": "/wiki/Havasupai_Tribe_of_the_Havasupai_Reservation,_Arizona"
    },
    {
        "name": "Wisconsin Winnebago Tribe",
        "link": "/wiki/Wisconsin_Winnebago_Tribe"
    },
    {
        "name": "Hoh Indian Tribe",
        "link": "/wiki/Hoh_Indian_Tribe"
    },
    {
        "name": "Hoh Indian Tribe of the Hoh Indian Reservation, Washington",
        "link": "/wiki/Hoh_Indian_Tribe_of_the_Hoh_Indian_Reservation,_Washington"
    },
    {
        "name": "Hoopa Valley Tribe, California",
        "link": "/wiki/Hoopa_Valley_Tribe,_California"
    },
    {
        "name": "Hopi Tribe of Arizona",
        "link": "/wiki/Hopi_Tribe_of_Arizona"
    },
    {
        "name": "Hopland Band of Pomo Indians, California",
        "link": "/wiki/Hopland_Band_of_Pomo_Indians,_California"
    },
    {
        "name": "Hopland Band of Pomo Indians of the Hopland Rancheria, California",
        "link": "/wiki/Hopland_Band_of_Pomo_Indians_of_the_Hopland_Rancheria,_California"
    },
    {
        "name": "Houlton Band of Maliseet Indians of Maine",
        "link": "/wiki/Houlton_Band_of_Maliseet_Indians_of_Maine"
    },
    {
        "name": "Hualapai Indian Tribe of the Hualapai Indian Reservation, Arizona",
        "link": "/wiki/Hualapai_Indian_Tribe_of_the_Hualapai_Indian_Reservation,_Arizona"
    },
    {
        "name": "Iipay Nation of Santa Ysabel, California",
        "link": "/wiki/Iipay_Nation_of_Santa_Ysabel,_California"
    },
    {
        "name": "Santa Ysabel Band of Diegueno Mission Indians of the Santa Ysabel Reservation",
        "link": "/wiki/Santa_Ysabel_Band_of_Diegueno_Mission_Indians_of_the_Santa_Ysabel_Reservation"
    },
    {
        "name": "Inaja Band of Diegueno Mission Indians of the Inaja and Cosmit Reservation, California",
        "link": "/wiki/Inaja_Band_of_Diegueno_Mission_Indians_of_the_Inaja_and_Cosmit_Reservation,_California"
    },
    {
        "name": "Ione Band of Miwok Indians of California",
        "link": "/wiki/Ione_Band_of_Miwok_Indians_of_California"
    },
    {
        "name": "Jackson Rancheria of Me-Wuk Indians of California",
        "link": "/wiki/Jackson_Rancheria_of_Me-Wuk_Indians_of_California"
    },
    {
        "name": "Jamul Indian Village of California",
        "link": "/wiki/Jamul_Indian_Village_of_California"
    },
    {
        "name": "Jena Band of Choctaw Indians, Louisiana",
        "link": "/wiki/Jena_Band_of_Choctaw_Indians,_Louisiana"
    },
    {
        "name": "Jicarilla Apache Nation, New Mexico",
        "link": "/wiki/Jicarilla_Apache_Nation,_New_Mexico"
    },
    {
        "name": "Jicarilla Apache Tribe of the Jicarilla Apache Indian Reservation",
        "link": "/wiki/Jicarilla_Apache_Tribe_of_the_Jicarilla_Apache_Indian_Reservation"
    },
    {
        "name": "Kaibab Band of Paiute Indians of the Kaibab Indian Reservation, Arizona",
        "link": "/wiki/Kaibab_Band_of_Paiute_Indians_of_the_Kaibab_Indian_Reservation,_Arizona"
    },
    {
        "name": "Kalispel Indian Community of the Kalispel Reservation, Washington",
        "link": "/wiki/Kalispel_Indian_Community_of_the_Kalispel_Reservation,_Washington"
    },
    {
        "name": "Karuk Tribe of California",
        "link": "/wiki/Karuk_Tribe_of_California"
    },
    {
        "name": "Kashia Band of Pomo Indians of the Stewarts Point Rancheria, California",
        "link": "/wiki/Kashia_Band_of_Pomo_Indians_of_the_Stewarts_Point_Rancheria,_California"
    },
    {
        "name": "Kaw Nation, Oklahoma",
        "link": "/wiki/Kaw_Nation,_Oklahoma"
    },
    {
        "name": "Pueblo of Santo Domingo",
        "link": "/wiki/Pueblo_of_Santo_Domingo"
    },
    {
        "name": "Keweenaw Bay Indian Community, Michigan",
        "link": "/wiki/Keweenaw_Bay_Indian_Community,_Michigan"
    },
    {
        "name": "Kialegee Tribal Town, Oklahoma",
        "link": "/wiki/Kialegee_Tribal_Town,_Oklahoma"
    },
    {
        "name": "Texas Band of Traditional Kickapoo",
        "link": "/wiki/Texas_Band_of_Traditional_Kickapoo"
    },
    {
        "name": "Kickapoo Tribe of Indians of the Kickapoo Reservation in Kansas",
        "link": "/wiki/Kickapoo_Tribe_of_Indians_of_the_Kickapoo_Reservation_in_Kansas"
    },
    {
        "name": "Kiowa Indian Tribe of Oklahoma",
        "link": "/wiki/Kiowa_Indian_Tribe_of_Oklahoma"
    },
    {
        "name": "Klamath Tribes, Oregon",
        "link": "/wiki/Klamath_Tribes,_Oregon"
    },
    {
        "name": "La Jolla Band of Luiseno Indians, California",
        "link": "/wiki/La_Jolla_Band_of_Luiseno_Indians,_California"
    },
    {
        "name": "La Jolla Band of Luiseno Mission Indians of the La Jolla Reservation, California",
        "link": "/wiki/La_Jolla_Band_of_Luiseno_Mission_Indians_of_the_La_Jolla_Reservation,_California"
    },
    {
        "name": "La Posta Band of Diegueno Mission Indians of the La Posta Indian Reservation, California",
        "link": "/wiki/La_Posta_Band_of_Diegueno_Mission_Indians_of_the_La_Posta_Indian_Reservation,_California"
    },
    {
        "name": "Lac Courte Oreilles Band of Lake Superior Chippewa Indians of Wisconsin",
        "link": "/wiki/Lac_Courte_Oreilles_Band_of_Lake_Superior_Chippewa_Indians_of_Wisconsin"
    },
    {
        "name": "Lac du Flambeau Band of Lake Superior Chippewa Indians of the Lac du Flambeau Reservation of Wisconsin",
        "link": "/wiki/Lac_du_Flambeau_Band_of_Lake_Superior_Chippewa_Indians_of_the_Lac_du_Flambeau_Reservation_of_Wisconsin"
    },
    {
        "name": "Lac Vieux Desert Band of Lake Superior Chippewa Indians, Michigan",
        "link": "/wiki/Lac_Vieux_Desert_Band_of_Lake_Superior_Chippewa_Indians,_Michigan"
    },
    {
        "name": "Las Vegas Tribe of Paiute Indians of the Las Vegas Indian Colony, Nevada",
        "link": "/wiki/Las_Vegas_Tribe_of_Paiute_Indians_of_the_Las_Vegas_Indian_Colony,_Nevada"
    },
    {
        "name": "Little River Band of Ottawa Indians, Michigan",
        "link": "/wiki/Little_River_Band_of_Ottawa_Indians,_Michigan"
    },
    {
        "name": "Little Traverse Bay Bands of Odawa Indians, Michigan",
        "link": "/wiki/Little_Traverse_Bay_Bands_of_Odawa_Indians,_Michigan"
    },
    {
        "name": "Paiute-Shoshone Indians of the Lone Pine Community of the Lone Pine Reservation, California",
        "link": "/wiki/Paiute-Shoshone_Indians_of_the_Lone_Pine_Community_of_the_Lone_Pine_Reservation,_California"
    },
    {
        "name": "Los Coyotes Band of Cahuilla and Cupeno Indians of the Los Coyotes Reservation, California",
        "link": "/wiki/Los_Coyotes_Band_of_Cahuilla_and_Cupeno_Indians_of_the_Los_Coyotes_Reservation,_California"
    },
    {
        "name": "Los Coyotes Band of Cahuilla & Cupeno Indians of the Los Coyotes Reservation, California",
        "link": "/wiki/Los_Coyotes_Band_of_Cahuilla_%26_Cupeno_Indians_of_the_Los_Coyotes_Reservation,_California"
    },
    {
        "name": "Los Coyotes Band of Cahuilla Mission Indians of the Los Coyotes Reservation",
        "link": "/wiki/Los_Coyotes_Band_of_Cahuilla_Mission_Indians_of_the_Los_Coyotes_Reservation"
    },
    {
        "name": "Lovelock Paiute Tribe of the Lovelock Indian Colony, Nevada",
        "link": "/wiki/Lovelock_Paiute_Tribe_of_the_Lovelock_Indian_Colony,_Nevada"
    },
    {
        "name": "Lower Brule Sioux Tribe of the Lower Brule Reservation, South Dakota",
        "link": "/wiki/Lower_Brule_Sioux_Tribe_of_the_Lower_Brule_Reservation,_South_Dakota"
    },
    {
        "name": "Lower Elwha Tribal Community",
        "link": "/wiki/Lower_Elwha_Tribal_Community"
    },
    {
        "name": "Lower Elwha Tribal Community of the Lower Elwha Reservation, Washington",
        "link": "/wiki/Lower_Elwha_Tribal_Community_of_the_Lower_Elwha_Reservation,_Washington"
    },
    {
        "name": "Lower Lake Rancheria, California",
        "link": "/wiki/Lower_Lake_Rancheria,_California"
    },
    {
        "name": "Lower Sioux Indian Community in the State of Minnesota",
        "link": "/wiki/Lower_Sioux_Indian_Community_in_the_State_of_Minnesota"
    },
    {
        "name": "Lummi Tribe of the Lummi Reservation, Washington",
        "link": "/wiki/Lummi_Tribe_of_the_Lummi_Reservation,_Washington"
    },
    {
        "name": "Lytton Rancheria of California",
        "link": "/wiki/Lytton_Rancheria_of_California"
    },
    {
        "name": "Makah Indian Tribe of the Makah Indian Reservation, Washington",
        "link": "/wiki/Makah_Indian_Tribe_of_the_Makah_Indian_Reservation,_Washington"
    },
    {
        "name": "Manchester Band of Pomo Indians of the Manchester Rancheria, California",
        "link": "/wiki/Manchester_Band_of_Pomo_Indians_of_the_Manchester_Rancheria,_California"
    },
    {
        "name": "Manchester Band of Pomo Indians of the Manchester-Point Arena Rancheria, California",
        "link": "/wiki/Manchester_Band_of_Pomo_Indians_of_the_Manchester-Point_Arena_Rancheria,_California"
    },
    {
        "name": "Manzanita Band of Diegueno Mission Indians of the Manzanita Reservation, California",
        "link": "/wiki/Manzanita_Band_of_Diegueno_Mission_Indians_of_the_Manzanita_Reservation,_California"
    },
    {
        "name": "Mashantucket Pequot Indian Tribe",
        "link": "/wiki/Mashantucket_Pequot_Indian_Tribe"
    },
    {
        "name": "Mashantucket Pequot Tribe of Connecticut",
        "link": "/wiki/Mashantucket_Pequot_Tribe_of_Connecticut"
    },
    {
        "name": "Mashpee Wampanoag Indian Tribal Council, Inc.",
        "link": "/wiki/Mashpee_Wampanoag_Indian_Tribal_Council,_Inc."
    },
    {
        "name": "Mashpee Wampanoag Tribe, Massachusetts",
        "link": "/wiki/Mashpee_Wampanoag_Tribe,_Massachusetts"
    },
    {
        "name": "Gun Lake Indian Tribe",
        "link": "/wiki/Gun_Lake_Indian_Tribe"
    },
    {
        "name": "Gun Lake Village Band & Ottawa Colony Band of Grand River Ottawa Indians",
        "link": "/wiki/Gun_Lake_Village_Band_%26_Ottawa_Colony_Band_of_Grand_River_Ottawa_Indians"
    },
    {
        "name": "Mechoopda Indian Tribe of Chico Rancheria, California",
        "link": "/wiki/Mechoopda_Indian_Tribe_of_Chico_Rancheria,_California"
    },
    {
        "name": "Menominee Indian Tribe of Wisconsin",
        "link": "/wiki/Menominee_Indian_Tribe_of_Wisconsin"
    },
    {
        "name": "Mesa Grande Band of Diegueno Mission Indians of the Mesa Grande Reservation, California",
        "link": "/wiki/Mesa_Grande_Band_of_Diegueno_Mission_Indians_of_the_Mesa_Grande_Reservation,_California"
    },
    {
        "name": "Mescalero Apache Tribe of the Mescalero Reservation, New Mexico",
        "link": "/wiki/Mescalero_Apache_Tribe_of_the_Mescalero_Reservation,_New_Mexico"
    },
    {
        "name": "Miccosukee Tribe of Indians of Florida",
        "link": "/wiki/Miccosukee_Tribe_of_Indians_of_Florida"
    },
    {
        "name": "Minnesota Chippewa Tribe, Minnesota",
        "link": "/wiki/Minnesota_Chippewa_Tribe,_Minnesota"
    },
    {
        "name": "Bois Forte Band",
        "link": "/wiki/Bois_Forte_Band"
    },
    {
        "name": "Fond du Lac Band",
        "link": "/wiki/Fond_du_Lac_Band"
    },
    {
        "name": "Grand Portage Band",
        "link": "/wiki/Grand_Portage_Band"
    },
    {
        "name": "Leech Lake Band",
        "link": "/wiki/Leech_Lake_Band"
    },
    {
        "name": "Mille Lacs Band",
        "link": "/wiki/Mille_Lacs_Band"
    },
    {
        "name": "White Earth Band",
        "link": "/wiki/White_Earth_Band"
    },
    {
        "name": "Mississippi Band of Choctaw Indians, Mississippi",
        "link": "/wiki/Mississippi_Band_of_Choctaw_Indians,_Mississippi"
    },
    {
        "name": "Moapa Band of Paiute Indians of the Moapa River Indian Reservation, Nevada",
        "link": "/wiki/Moapa_Band_of_Paiute_Indians_of_the_Moapa_River_Indian_Reservation,_Nevada"
    },
    {
        "name": "Mohegan Indian Tribe of Connecticut",
        "link": "/wiki/Mohegan_Indian_Tribe_of_Connecticut"
    },
    {
        "name": "Monacan Nation, Virginia",
        "link": "/wiki/Monacan_people"
    },
    {
        "name": "Mooretown Rancheria of Maidu Indians of California",
        "link": "/wiki/Mooretown_Rancheria_of_Maidu_Indians_of_California"
    },
    {
        "name": "Morongo Band of Mission Indians, California",
        "link": "/wiki/Morongo_Band_of_Mission_Indians,_California"
    },
    {
        "name": "Morongo Band of Cahuilla Mission Indians of the Morongo Reservation, California",
        "link": "/wiki/Morongo_Band_of_Cahuilla_Mission_Indians_of_the_Morongo_Reservation,_California"
    },
    {
        "name": "Muckleshoot Indian Tribe",
        "link": "/wiki/Muckleshoot_Indian_Tribe"
    },
    {
        "name": "Muckleshoot Indian Tribe of the Muckleshoot Reservation, Washington",
        "link": "/wiki/Muckleshoot_Indian_Tribe_of_the_Muckleshoot_Reservation,_Washington"
    },
    {
        "name": "Muscogee (Creek) Nation, Oklahoma",
        "link": "/wiki/Muscogee_(Creek)_Nation,_Oklahoma"
    },
    {
        "name": "Narragansett Indian Tribe of Rhode Island",
        "link": "/wiki/Narragansett_Indian_Tribe_of_Rhode_Island"
    },
    {
        "name": "Navajo Nation, Arizona, New Mexico & Utah",
        "link": "/wiki/Navajo_Nation,_Arizona,_New_Mexico_%26_Utah"
    },
    {
        "name": "Nez Perce Tribe",
        "link": "/wiki/Nez_Perce_Tribe"
    },
    {
        "name": "Nez Perce Tribe of Idaho",
        "link": "/wiki/Nez_Perce_Tribe_of_Idaho"
    },
    {
        "name": "Nisqually Indian Tribe",
        "link": "/wiki/Nisqually_Indian_Tribe"
    },
    {
        "name": "Nisqually Indian Tribe of the Nisqually Reservation, Washington",
        "link": "/wiki/Nisqually_Indian_Tribe_of_the_Nisqually_Reservation,_Washington"
    },
    {
        "name": "Nooksack Indian Tribe",
        "link": "/wiki/Nooksack_Indian_Tribe"
    },
    {
        "name": "Nooksack Indian Tribe of Washington",
        "link": "/wiki/Nooksack_Indian_Tribe_of_Washington"
    },
    {
        "name": "Northern Cheyenne Tribe of the Northern Cheyenne Indian Reservation, Montana",
        "link": "/wiki/Northern_Cheyenne_Tribe_of_the_Northern_Cheyenne_Indian_Reservation,_Montana"
    },
    {
        "name": "Northwestern Band of Shoshoni Nation",
        "link": "/wiki/Northwestern_Band_of_Shoshoni_Nation"
    },
    {
        "name": "Northwestern Band of Shoshoni Nation of Utah (Washakie)",
        "link": "/wiki/Northwestern_Band_of_Shoshoni_Nation_of_Utah_(Washakie)"
    },
    {
        "name": "Nottawaseppi Huron Band of the Potawatomi, Michigan",
        "link": "/wiki/Nottawaseppi_Huron_Band_of_the_Potawatomi,_Michigan"
    },
    {
        "name": "Huron Potawatomi, Inc.",
        "link": "/wiki/Huron_Potawatomi,_Inc."
    },
    {
        "name": "Oglala Sioux Tribe",
        "link": "/wiki/Oglala_Sioux_Tribe"
    },
    {
        "name": "Oglala Sioux Tribe of the Pine Ridge Reservation, South Dakota",
        "link": "/wiki/Oglala_Sioux_Tribe_of_the_Pine_Ridge_Reservation,_South_Dakota"
    },
    {
        "name": "Pueblo of San Juan",
        "link": "/wiki/Pueblo_of_San_Juan"
    },
    {
        "name": "Omaha Tribe of Nebraska",
        "link": "/wiki/Omaha_Tribe_of_Nebraska"
    },
    {
        "name": "Oneida Nation of New York",
        "link": "/wiki/Oneida_Nation_of_New_York"
    },
    {
        "name": "Oneida Nation",
        "link": "/wiki/Oneida_Nation"
    },
    {
        "name": "Oneida Tribe of Indians of Wisconsin",
        "link": "/wiki/Oneida_Tribe_of_Indians_of_Wisconsin"
    },
    {
        "name": "Onondaga Nation",
        "link": "/wiki/Onondaga_Nation"
    },
    {
        "name": "Onondaga Nation of New York",
        "link": "/wiki/Onondaga_Nation_of_New_York"
    },
    {
        "name": "Osage Nation, Oklahoma",
        "link": "/wiki/Osage_Nation,_Oklahoma"
    },
    {
        "name": "Otoe-Missouria Tribe of Indians, Oklahoma",
        "link": "/wiki/Otoe-Missouria_Tribe_of_Indians,_Oklahoma"
    },
    {
        "name": "Cedar Band of Paiutes",
        "link": "/wiki/Cedar_Band_of_Paiutes"
    },
    {
        "name": "Cedar City Band of Paiutes",
        "link": "/wiki/Cedar_City_Band_of_Paiutes"
    },
    {
        "name": "Kanosh Band of Paiutes",
        "link": "/wiki/Kanosh_Band_of_Paiutes"
    },
    {
        "name": "Koosharem Band of Paiutes",
        "link": "/wiki/Koosharem_Band_of_Paiutes"
    },
    {
        "name": "Indian Peaks Band of Paiutes",
        "link": "/wiki/Indian_Peaks_Band_of_Paiutes"
    },
    {
        "name": "Paiute-Shoshone Tribe of the Fallon Reservation and Colony, Nevada",
        "link": "/wiki/Paiute-Shoshone_Tribe_of_the_Fallon_Reservation_and_Colony,_Nevada"
    },
    {
        "name": "Pala Band of Luiseno Mission Indians of the Pala Reservation, California",
        "link": "/wiki/Pala_Band_of_Luiseno_Mission_Indians_of_the_Pala_Reservation,_California"
    },
    {
        "name": "Pamunkey Indian Tribe",
        "link": "/wiki/Pamunkey_Indian_Tribe"
    },
    {
        "name": "Pascua Yaqui Tribe of Arizona",
        "link": "/wiki/Pascua_Yaqui_Tribe_of_Arizona"
    },
    {
        "name": "Paskenta Band of Nomlaki Indians of California",
        "link": "/wiki/Paskenta_Band_of_Nomlaki_Indians_of_California"
    },
    {
        "name": "Passamaquoddy Tribe of Maine",
        "link": "/wiki/Passamaquoddy_Tribe_of_Maine"
    },
    {
        "name": "Pauma Band of Luiseno Mission Indians of the Pauma & Yuima Reservation, California",
        "link": "/wiki/Pauma_Band_of_Luiseno_Mission_Indians_of_the_Pauma_%26_Yuima_Reservation,_California"
    },
    {
        "name": "Pawnee Nation of Oklahoma",
        "link": "/wiki/Pawnee_Nation_of_Oklahoma"
    },
    {
        "name": "Pechanga Band of Luiseno Mission Indians of the Pechanga Reservation, California",
        "link": "/wiki/Pechanga_Band_of_Luiseno_Mission_Indians_of_the_Pechanga_Reservation,_California"
    },
    {
        "name": "Penobscot Nation",
        "link": "/wiki/Penobscot_Nation"
    },
    {
        "name": "Penobscot Tribe of Maine",
        "link": "/wiki/Penobscot_Tribe_of_Maine"
    },
    {
        "name": "Peoria Tribe of Indians of Oklahoma",
        "link": "/wiki/Peoria_Tribe_of_Indians_of_Oklahoma"
    },
    {
        "name": "Picayune Rancheria of Chukchansi Indians of California",
        "link": "/wiki/Picayune_Rancheria_of_Chukchansi_Indians_of_California"
    },
    {
        "name": "Pinoleville Pomo Nation, California",
        "link": "/wiki/Pinoleville_Pomo_Nation,_California"
    },
    {
        "name": "Pinoleville Rancheria of Pomo Indians of California",
        "link": "/wiki/Pinoleville_Rancheria_of_Pomo_Indians_of_California"
    },
    {
        "name": "Pit River Tribe, California",
        "link": "/wiki/Pit_River_Tribe,_California"
    },
    {
        "name": "Poarch Band of Creeks",
        "link": "/wiki/Poarch_Band_of_Creeks"
    },
    {
        "name": "Poarch Band of Creek Indians of Alabama",
        "link": "/wiki/Poarch_Band_of_Creek_Indians_of_Alabama"
    },
    {
        "name": "Creek Nation East of the Mississippi",
        "link": "/wiki/Creek_Nation_East_of_the_Mississippi"
    },
    {
        "name": "Pokagon Band of Potawatomi Indians, Michigan and Indiana",
        "link": "/wiki/Pokagon_Band_of_Potawatomi_Indians,_Michigan_and_Indiana"
    },
    {
        "name": "Port Gamble Band of S’Klallam Indians",
        "link": "/wiki/Port_Gamble_Band_of_S%E2%80%99Klallam_Indians"
    },
    {
        "name": "Port Gamble Indian Community of the Port Gamble Reservation, Washington",
        "link": "/wiki/Port_Gamble_Indian_Community_of_the_Port_Gamble_Reservation,_Washington"
    },
    {
        "name": "Potter Valley Tribe, California",
        "link": "/wiki/Potter_Valley_Tribe,_California"
    },
    {
        "name": "Potter Valley Rancheria of Pomo Indians of California",
        "link": "/wiki/Potter_Valley_Rancheria_of_Pomo_Indians_of_California"
    },
    {
        "name": "Prairie Band of Potawatomi Nation, Kansas",
        "link": "/wiki/Prairie_Band_of_Potawatomi_Nation,_Kansas"
    },
    {
        "name": "Prairie Band of Potawatomi Indians",
        "link": "/wiki/Prairie_Band_of_Potawatomi_Indians"
    },
    {
        "name": "Prairie Island Indian Community in the State of Minnesota",
        "link": "/wiki/Prairie_Island_Indian_Community_in_the_State_of_Minnesota"
    },
    {
        "name": "Pueblo of Acoma, New Mexico",
        "link": "/wiki/Pueblo_of_Acoma,_New_Mexico"
    },
    {
        "name": "Pueblo of Cochiti, New Mexico",
        "link": "/wiki/Pueblo_of_Cochiti,_New_Mexico"
    },
    {
        "name": "Pueblo of Isleta, New Mexico",
        "link": "/wiki/Pueblo_of_Isleta,_New_Mexico"
    },
    {
        "name": "Pueblo of Jemez, New Mexico",
        "link": "/wiki/Pueblo_of_Jemez,_New_Mexico"
    },
    {
        "name": "Pueblo of Laguna, New Mexico",
        "link": "/wiki/Pueblo_of_Laguna,_New_Mexico"
    },
    {
        "name": "Pueblo of Nambe, New Mexico",
        "link": "/wiki/Pueblo_of_Nambe,_New_Mexico"
    },
    {
        "name": "Pueblo of Picuris, New Mexico",
        "link": "/wiki/Pueblo_of_Picuris,_New_Mexico"
    },
    {
        "name": "Pueblo of Pojoaque, New Mexico",
        "link": "/wiki/Pueblo_of_Pojoaque,_New_Mexico"
    },
    {
        "name": "Pueblo of San Felipe, New Mexico",
        "link": "/wiki/Pueblo_of_San_Felipe,_New_Mexico"
    },
    {
        "name": "Pueblo of San Ildefonso, New Mexico",
        "link": "/wiki/Pueblo_of_San_Ildefonso,_New_Mexico"
    },
    {
        "name": "Pueblo of Sandia, New Mexico",
        "link": "/wiki/Pueblo_of_Sandia,_New_Mexico"
    },
    {
        "name": "Pueblo of Santa Ana, New Mexico",
        "link": "/wiki/Pueblo_of_Santa_Ana,_New_Mexico"
    },
    {
        "name": "Pueblo of Santa Clara, New Mexico",
        "link": "/wiki/Pueblo_of_Santa_Clara,_New_Mexico"
    },
    {
        "name": "Pueblo of Taos, New Mexico",
        "link": "/wiki/Pueblo_of_Taos,_New_Mexico"
    },
    {
        "name": "Pueblo of Tesuque, New Mexico",
        "link": "/wiki/Pueblo_of_Tesuque,_New_Mexico"
    },
    {
        "name": "Pueblo of Zia, New Mexico",
        "link": "/wiki/Pueblo_of_Zia,_New_Mexico"
    },
    {
        "name": "Puyallup Tribe of the Puyallup Reservation",
        "link": "/wiki/Puyallup_Tribe_of_the_Puyallup_Reservation"
    },
    {
        "name": "Puyallup Tribe of the Puyallup Reservation, Washington",
        "link": "/wiki/Puyallup_Tribe_of_the_Puyallup_Reservation,_Washington"
    },
    {
        "name": "Pyramid Lake Paiute Tribe of the Pyramid Lake Reservation, Nevada",
        "link": "/wiki/Pyramid_Lake_Paiute_Tribe_of_the_Pyramid_Lake_Reservation,_Nevada"
    },
    {
        "name": "Quapaw Tribe of Indians",
        "link": "/wiki/Quapaw_Tribe_of_Indians"
    },
    {
        "name": "Quapaw Tribe of Indians, Oklahoma",
        "link": "/wiki/Quapaw_Tribe_of_Indians,_Oklahoma"
    },
    {
        "name": "Quartz Valley Indian Community of the Quartz Valley Reservation of California",
        "link": "/wiki/Quartz_Valley_Indian_Community_of_the_Quartz_Valley_Reservation_of_California"
    },
    {
        "name": "Quechan Tribe of the Fort Yuma Indian Reservation, California & Arizona",
        "link": "/wiki/Quechan_Tribe_of_the_Fort_Yuma_Indian_Reservation,_California_%26_Arizona"
    },
    {
        "name": "Quileute Tribe of the Quileute Reservation",
        "link": "/wiki/Quileute_Tribe_of_the_Quileute_Reservation"
    },
    {
        "name": "Quileute Tribe of the Quileute Reservation, Washington",
        "link": "/wiki/Quileute_Tribe_of_the_Quileute_Reservation,_Washington"
    },
    {
        "name": "Quinault Tribe of the Quinault Reservation, Washington",
        "link": "/wiki/Quinault_Tribe_of_the_Quinault_Reservation,_Washington"
    },
    {
        "name": "Ramona Band of Cahuilla, California",
        "link": "/wiki/Ramona_Band_of_Cahuilla,_California"
    },
    {
        "name": "Ramona Band or Village of Cahuilla Mission Indians of California",
        "link": "/wiki/Ramona_Band_or_Village_of_Cahuilla_Mission_Indians_of_California"
    },
    {
        "name": "Red Cliff Band of Lake Superior Chippewa Indians of Wisconsin",
        "link": "/wiki/Red_Cliff_Band_of_Lake_Superior_Chippewa_Indians_of_Wisconsin"
    },
    {
        "name": "Red Lake Band of Chippewa Indians, Minnesota",
        "link": "/wiki/Red_Lake_Band_of_Chippewa_Indians,_Minnesota"
    },
    {
        "name": "Redding Rancheria, California",
        "link": "/wiki/Redding_Rancheria,_California"
    },
    {
        "name": "Redwood Valley or Little River Band of Pomo Indians of the Redwood Valley Rancheria California",
        "link": "/wiki/Redwood_Valley_or_Little_River_Band_of_Pomo_Indians_of_the_Redwood_Valley_Rancheria_California"
    },
    {
        "name": "Redwood Valley Rancheria of Pomo Indians of California",
        "link": "/wiki/Redwood_Valley_Rancheria_of_Pomo_Indians_of_California"
    },
    {
        "name": "Reno-Sparks Indian Colony, Nevada",
        "link": "/wiki/Reno-Sparks_Indian_Colony,_Nevada"
    },
    {
        "name": "Resighini Rancheria, California",
        "link": "/wiki/Resighini_Rancheria,_California"
    },
    {
        "name": "Coast Indian Community of Yurok Indians of the Resighini Rancheria",
        "link": "/wiki/Coast_Indian_Community_of_Yurok_Indians_of_the_Resighini_Rancheria"
    },
    {
        "name": "Rincon Band of Luiseno Mission Indians of the Rincon Reservation, California",
        "link": "/wiki/Rincon_Band_of_Luiseno_Mission_Indians_of_the_Rincon_Reservation,_California"
    },
    {
        "name": "Robinson Rancheria Band of Pomo Indians, California",
        "link": "/wiki/Robinson_Rancheria_Band_of_Pomo_Indians,_California"
    },
    {
        "name": "Rosebud Sioux Tribe of the Rosebud Indian Reservation, South Dakota",
        "link": "/wiki/Rosebud_Sioux_Tribe_of_the_Rosebud_Indian_Reservation,_South_Dakota"
    },
    {
        "name": "Round Valley Indian Tribes, Round Valley Reservation, California",
        "link": "/wiki/Round_Valley_Indian_Tribes,_Round_Valley_Reservation,_California"
    },
    {
        "name": "Round Valley Indian Tribes of the Round Valley Reservation, California",
        "link": "/wiki/Round_Valley_Indian_Tribes_of_the_Round_Valley_Reservation,_California"
    },
    {
        "name": "Covelo Indian Community",
        "link": "/wiki/Covelo_Indian_Community"
    },
    {
        "name": "Sac & Fox Nation of Missouri in Kansas and Nebraska",
        "link": "/wiki/Sac_%26_Fox_Nation_of_Missouri_in_Kansas_and_Nebraska"
    },
    {
        "name": "Sac & Fox Nation, Oklahoma",
        "link": "/wiki/Sac_%26_Fox_Nation,_Oklahoma"
    },
    {
        "name": "Sac & Fox Tribe of the Mississippi in Iowa",
        "link": "/wiki/Sac_%26_Fox_Tribe_of_the_Mississippi_in_Iowa"
    },
    {
        "name": "Saginaw Chippewa Indian Tribe of Michigan",
        "link": "/wiki/Saginaw_Chippewa_Indian_Tribe_of_Michigan"
    },
    {
        "name": "Saint Regis Mohawk Tribe, New York",
        "link": "/wiki/Saint_Regis_Mohawk_Tribe,_New_York"
    },
    {
        "name": "St. Regis Band of Mohawk Indians of New York",
        "link": "/wiki/St._Regis_Band_of_Mohawk_Indians_of_New_York"
    },
    {
        "name": "Salt River Pima-Maricopa Indian Community of the Salt River Reservation, Arizona",
        "link": "/wiki/Salt_River_Pima-Maricopa_Indian_Community_of_the_Salt_River_Reservation,_Arizona"
    },
    {
        "name": "Samish Indian Tribe, Washington",
        "link": "/wiki/Samish_Indian_Tribe,_Washington"
    },
    {
        "name": "San Carlos Apache Tribe of the San Carlos Reservation, Arizona",
        "link": "/wiki/San_Carlos_Apache_Tribe_of_the_San_Carlos_Reservation,_Arizona"
    },
    {
        "name": "San Manuel Band of Mission Indians, California",
        "link": "/wiki/San_Manuel_Band_of_Mission_Indians,_California"
    },
    {
        "name": "San Manuel Band of Serrano Mission Indians of the San Manuel Reservation, California",
        "link": "/wiki/San_Manuel_Band_of_Serrano_Mission_Indians_of_the_San_Manuel_Reservation,_California"
    },
    {
        "name": "San Pasqual Band of Diegueno Mission Indians of California",
        "link": "/wiki/San_Pasqual_Band_of_Diegueno_Mission_Indians_of_California"
    },
    {
        "name": "Santa Rosa Band of Cahuilla Indians, California",
        "link": "/wiki/Santa_Rosa_Band_of_Cahuilla_Indians,_California"
    },
    {
        "name": "Santa Rosa Band of Cahuilla Mission Indians of the Santa Rosa Reservation",
        "link": "/wiki/Santa_Rosa_Band_of_Cahuilla_Mission_Indians_of_the_Santa_Rosa_Reservation"
    },
    {
        "name": "Santa Rosa Indian Community of the Santa Rosa Rancheria, California",
        "link": "/wiki/Santa_Rosa_Indian_Community_of_the_Santa_Rosa_Rancheria,_California"
    },
    {
        "name": "Santa Ynez Band of Chumash Mission Indians of the Santa Ynez Reservation, California",
        "link": "/wiki/Santa_Ynez_Band_of_Chumash_Mission_Indians_of_the_Santa_Ynez_Reservation,_California"
    },
    {
        "name": "Santee Sioux Nation, Nebraska",
        "link": "/wiki/Santee_Sioux_Nation,_Nebraska"
    },
    {
        "name": "Santee Sioux Tribe of the Santee Reservation of Nebraska",
        "link": "/wiki/Santee_Sioux_Tribe_of_the_Santee_Reservation_of_Nebraska"
    },
    {
        "name": "Sauk-Suiattle Indian Tribe",
        "link": "/wiki/Sauk-Suiattle_Indian_Tribe"
    },
    {
        "name": "Sault Ste. Marie Tribe of Chippewa Indians of Michigan",
        "link": "/wiki/Sault_Ste._Marie_Tribe_of_Chippewa_Indians_of_Michigan"
    },
    {
        "name": "Dania Reservation",
        "link": "/wiki/Dania_Reservation"
    },
    {
        "name": "Big Cypress Reservation",
        "link": "/wiki/Big_Cypress_Reservation"
    },
    {
        "name": "Brighton Reservation",
        "link": "/wiki/Brighton_Reservation"
    },
    {
        "name": "Hollywood Reservation",
        "link": "/wiki/Hollywood_Reservation"
    },
    {
        "name": "Tampa Reservation",
        "link": "/wiki/Tampa_Reservation"
    },
    {
        "name": "Seneca Nation of Indians",
        "link": "/wiki/Seneca_Nation_of_Indians"
    },
    {
        "name": "Seneca-Cayuga Tribe of Oklahoma",
        "link": "/wiki/Seneca-Cayuga_Tribe_of_Oklahoma"
    },
    {
        "name": "Shakopee Mdewakanton Sioux Community of Minnesota",
        "link": "/wiki/Shakopee_Mdewakanton_Sioux_Community_of_Minnesota"
    },
    {
        "name": "Shawnee Tribe, Oklahoma",
        "link": "/wiki/Shawnee_Tribe,_Oklahoma"
    },
    {
        "name": "Shingle Springs Band of Miwok Indians, Shingle Springs Rancheria (Verona Tract), California",
        "link": "/wiki/Shingle_Springs_Band_of_Miwok_Indians,_Shingle_Springs_Rancheria_(Verona_Tract),_California"
    },
    {
        "name": "Shinnecock Indian Nation, New York",
        "link": "/wiki/Shinnecock_Indian_Nation,_New_York"
    },
    {
        "name": "Shoalwater Bay Indian Tribe of the Shoalwater Bay Indian Reservation",
        "link": "/wiki/Shoalwater_Bay_Indian_Tribe_of_the_Shoalwater_Bay_Indian_Reservation"
    },
    {
        "name": "Shoalwater Bay Tribe of the Shoalwater Bay Indian Reservation, Washington",
        "link": "/wiki/Shoalwater_Bay_Tribe_of_the_Shoalwater_Bay_Indian_Reservation,_Washington"
    },
    {
        "name": "Shoshone Tribe of the Wind River Reservation, Wyoming",
        "link": "/wiki/Shoshone_Tribe_of_the_Wind_River_Reservation,_Wyoming"
    },
    {
        "name": "Shoshone-Bannock Tribes of the Fort Hall Reservation of Idaho",
        "link": "/wiki/Shoshone-Bannock_Tribes_of_the_Fort_Hall_Reservation_of_Idaho"
    },
    {
        "name": "Shoshone-Paiute Tribes of the Duck Valley Reservation, Nevada",
        "link": "/wiki/Shoshone-Paiute_Tribes_of_the_Duck_Valley_Reservation,_Nevada"
    },
    {
        "name": "Sisseton-Wahpeton Oyate of the Lake Traverse Reservation, South Dakota",
        "link": "/wiki/Sisseton-Wahpeton_Oyate_of_the_Lake_Traverse_Reservation,_South_Dakota"
    },
    {
        "name": "Skokomish Indian Tribe of the Skokomish Reservation, Washington",
        "link": "/wiki/Skokomish_Indian_Tribe_of_the_Skokomish_Reservation,_Washington"
    },
    {
        "name": "Skull Valley Band of Goshute Indians of Utah",
        "link": "/wiki/Skull_Valley_Band_of_Goshute_Indians_of_Utah"
    },
    {
        "name": "Smith River Rancheria, California",
        "link": "/wiki/Smith_River_Rancheria,_California"
    },
    {
        "name": "Snoqualmie Tribe, Washington",
        "link": "/wiki/Snoqualmie_Tribe,_Washington"
    },
    {
        "name": "Soboba Band of Luiseno Indians, California",
        "link": "/wiki/Soboba_Band_of_Luiseno_Indians,_California"
    },
    {
        "name": "Soboba Band of Luiseno Mission Indians of the Soboba Reservation",
        "link": "/wiki/Soboba_Band_of_Luiseno_Mission_Indians_of_the_Soboba_Reservation"
    },
    {
        "name": "Sokaogon Chippewa Community, Wisconsin",
        "link": "/wiki/Sokaogon_Chippewa_Community,_Wisconsin"
    },
    {
        "name": "Southern Ute Indian Tribe of the Southern Ute Reservation, Colorado",
        "link": "/wiki/Southern_Ute_Indian_Tribe_of_the_Southern_Ute_Reservation,_Colorado"
    },
    {
        "name": "Spirit Lake Tribe, North Dakota",
        "link": "/wiki/Spirit_Lake_Tribe,_North_Dakota"
    },
    {
        "name": "Spokane Tribe of the Spokane Reservation, Washington",
        "link": "/wiki/Spokane_Tribe_of_the_Spokane_Reservation,_Washington"
    },
    {
        "name": "Squaxin Island Tribe of the Squaxin Island Reservation",
        "link": "/wiki/Squaxin_Island_Tribe_of_the_Squaxin_Island_Reservation"
    },
    {
        "name": "Squaxin Island Tribe of the Squaxin Island Reservation, Washington",
        "link": "/wiki/Squaxin_Island_Tribe_of_the_Squaxin_Island_Reservation,_Washington"
    },
    {
        "name": "Standing Rock Sioux Tribe of North & South Dakota",
        "link": "/wiki/Standing_Rock_Sioux_Tribe_of_North_%26_South_Dakota"
    },
    {
        "name": "Stillaguamish Tribe of Washington",
        "link": "/wiki/Stillaguamish_Tribe_of_Washington"
    },
    {
        "name": "Stockbridge Munsee Community, Wisconsin",
        "link": "/wiki/Stockbridge_Munsee_Community,_Wisconsin"
    },
    {
        "name": "Suquamish Indian Tribe of the Port Madison Reservation",
        "link": "/wiki/Suquamish_Indian_Tribe_of_the_Port_Madison_Reservation"
    },
    {
        "name": "Suquamish Indian Tribe of the Port Madison Reservation, Washington",
        "link": "/wiki/Suquamish_Indian_Tribe_of_the_Port_Madison_Reservation,_Washington"
    },
    {
        "name": "Susanville Indian Rancheria, California",
        "link": "/wiki/Susanville_Indian_Rancheria,_California"
    },
    {
        "name": "Swinomish Indians of the Swinomish Reservation, Washington",
        "link": "/wiki/Swinomish_Indians_of_the_Swinomish_Reservation,_Washington"
    },
    {
        "name": "Sycuan Band of Diegueno Mission Indians of California",
        "link": "/wiki/Sycuan_Band_of_Diegueno_Mission_Indians_of_California"
    },
    {
        "name": "Table Mountain Rancheria of California",
        "link": "/wiki/Table_Mountain_Rancheria_of_California"
    },
    {
        "name": "Tejon Indian Tribe",
        "link": "/wiki/Tejon_Indian_Tribe"
    },
    {
        "name": "Battle Mountain Band",
        "link": "/wiki/Battle_Mountain_Band"
    },
    {
        "name": "Elko Band",
        "link": "/wiki/Elko_Band"
    },
    {
        "name": "South Fork Band",
        "link": "/wiki/South_Fork_Band"
    },
    {
        "name": "Wells Band",
        "link": "/wiki/Wells_Band"
    },
    {
        "name": "The Muscogee (Creek) Nation",
        "link": "/wiki/The_Muscogee_(Creek)_Nation"
    },
    {
        "name": "Muscogee (Creek) Nation, Oklahoma",
        "link": "/wiki/Muscogee_(Creek)_Nation,_Oklahoma"
    },
    {
        "name": "The Osage Nation",
        "link": "/wiki/The_Osage_Nation"
    },
    {
        "name": "Osage Nation, Oklahoma",
        "link": "/wiki/Osage_Nation,_Oklahoma"
    },
    {
        "name": "The Seminole Nation of Oklahoma",
        "link": "/wiki/The_Seminole_Nation_of_Oklahoma"
    },
    {
        "name": "Thlopthlocco Tribal Town, Oklahoma",
        "link": "/wiki/Thlopthlocco_Tribal_Town,_Oklahoma"
    },
    {
        "name": "Three Affiliated Tribes of the Fort Berthold Reservation, North Dakota",
        "link": "/wiki/Three_Affiliated_Tribes_of_the_Fort_Berthold_Reservation,_North_Dakota"
    },
    {
        "name": "Tohono O'odham Nation of Arizona",
        "link": "/wiki/Tohono_O%27odham_Nation_of_Arizona"
    },
    {
        "name": "Papago Indian Tribe",
        "link": "/wiki/Papago_Indian_Tribe"
    },
    {
        "name": "Tonawanda Band of Seneca Indians of New York",
        "link": "/wiki/Tonawanda_Band_of_Seneca_Indians_of_New_York"
    },
    {
        "name": "Tonkawa Tribe of Indians of Oklahoma",
        "link": "/wiki/Tonkawa_Tribe_of_Indians_of_Oklahoma"
    },
    {
        "name": "Tonto Apache Tribe of Arizona",
        "link": "/wiki/Tonto_Apache_Tribe_of_Arizona"
    },
    {
        "name": "Torres Martinez Desert Cahuilla Indians, California",
        "link": "/wiki/Torres_Martinez_Desert_Cahuilla_Indians,_California"
    },
    {
        "name": "Torres-Martinez Band of Cahuilla Mission Indians of California",
        "link": "/wiki/Torres-Martinez_Band_of_Cahuilla_Mission_Indians_of_California"
    },
    {
        "name": "Tulalip Tribes of Washington",
        "link": "/wiki/Tulalip_Tribes_of_Washington"
    },
    {
        "name": "Tulalip Tribes of the Tulalip Reservation, Washington",
        "link": "/wiki/Tulalip_Tribes_of_the_Tulalip_Reservation,_Washington"
    },
    {
        "name": "Tule River Indian Tribe of the Tule River Reservation, California",
        "link": "/wiki/Tule_River_Indian_Tribe_of_the_Tule_River_Reservation,_California"
    },
    {
        "name": "Tunica-Biloxi Indian Tribe",
        "link": "/wiki/Tunica-Biloxi_Indian_Tribe"
    },
    {
        "name": "Tunica-Biloxi Indian Tribe of Louisiana",
        "link": "/wiki/Tunica-Biloxi_Indian_Tribe_of_Louisiana"
    },
    {
        "name": "Tuolumne Band of Me-Wuk Indians of the Tuolumne Rancheria of California",
        "link": "/wiki/Tuolumne_Band_of_Me-Wuk_Indians_of_the_Tuolumne_Rancheria_of_California"
    },
    {
        "name": "Turtle Mountain Band of Chippewa Indians of North Dakota",
        "link": "/wiki/Turtle_Mountain_Band_of_Chippewa_Indians_of_North_Dakota"
    },
    {
        "name": "Tuscarora Nation",
        "link": "/wiki/Tuscarora_Nation"
    },
    {
        "name": "Tuscarora Nation of New York",
        "link": "/wiki/Tuscarora_Nation_of_New_York"
    },
    {
        "name": "United Auburn Indian Community of the Auburn Rancheria of California",
        "link": "/wiki/United_Auburn_Indian_Community_of_the_Auburn_Rancheria_of_California"
    },
    {
        "name": "United Keetoowah Band of Cherokee Indians in Oklahoma",
        "link": "/wiki/United_Keetoowah_Band_of_Cherokee_Indians_in_Oklahoma"
    },
    {
        "name": "Upper Sioux Community, Minnesota",
        "link": "/wiki/Upper_Sioux_Community,_Minnesota"
    },
    {
        "name": "Upper Skagit Indian Tribe of Washington",
        "link": "/wiki/Upper_Skagit_Indian_Tribe_of_Washington"
    },
    {
        "name": "Ute Indian Tribe of the Uintah & Ouray Reservation, Utah",
        "link": "/wiki/Ute_Indian_Tribe_of_the_Uintah_%26_Ouray_Reservation,_Utah"
    },
    {
        "name": "Ute Mountain Tribe of the Ute Mountain Reservation, Colorado, New Mexico & Utah",
        "link": "/wiki/Ute_Mountain_Tribe_of_the_Ute_Mountain_Reservation,_Colorado,_New_Mexico_%26_Utah"
    },
    {
        "name": "Utu Utu Gwaitu Paiute Tribe of the Benton Paiute Reservation, California",
        "link": "/wiki/Utu_Utu_Gwaitu_Paiute_Tribe_of_the_Benton_Paiute_Reservation,_California"
    },
    {
        "name": "Walker River Paiute Tribe of the Walker River Reservation, Nevada",
        "link": "/wiki/Walker_River_Paiute_Tribe_of_the_Walker_River_Reservation,_Nevada"
    },
    {
        "name": "Wampanoag Tribe of Gay Head (Aquinnah)",
        "link": "/wiki/Wampanoag_Tribe_of_Gay_Head_(Aquinnah)"
    },
    {
        "name": "Wampanoag Tribe of Gay Head (Aquinnah) of Massachusetts",
        "link": "/wiki/Wampanoag_Tribe_of_Gay_Head_(Aquinnah)_of_Massachusetts"
    },
    {
        "name": "Wampanoag Tribal Council of Gay Head, Inc.",
        "link": "/wiki/Wampanoag_Tribal_Council_of_Gay_Head,_Inc."
    },
    {
        "name": "Washoe Tribe of Nevada & California",
        "link": "/wiki/Washoe_Tribe_of_Nevada_%26_California"
    },
    {
        "name": "Carson Colony",
        "link": "/wiki/Carson_Colony"
    },
    {
        "name": "Dresslerville Colony",
        "link": "/wiki/Dresslerville_Colony"
    },
    {
        "name": "Woodfords Community",
        "link": "/wiki/Woodfords_Community"
    },
    {
        "name": "Stewart Community",
        "link": "/wiki/Stewart_Community"
    },
    {
        "name": "Washoe Ranches",
        "link": "/wiki/Washoe_Ranches"
    },
    {
        "name": "White Mountain Apache Tribe of the Fort Apache Reservation, Arizona",
        "link": "/wiki/White_Mountain_Apache_Tribe_of_the_Fort_Apache_Reservation,_Arizona"
    },
    {
        "name": "Wichita and Affiliated Tribes (Wichita, Keechi, Waco & Tawakonie), Oklahoma",
        "link": "/wiki/Wichita_and_Affiliated_Tribes_(Wichita,_Keechi,_Waco_%26_Tawakonie),_Oklahoma"
    },
    {
        "name": "Wilton Rancheria, California",
        "link": "/wiki/Wilton_Rancheria,_California"
    },
    {
        "name": "Wiyot Tribe, California",
        "link": "/wiki/Wiyot_Tribe,_California"
    },
    {
        "name": "Table Bluff Reservation—Wiyot Tribe",
        "link": "/wiki/Table_Bluff_Reservation%E2%80%94Wiyot_Tribe"
    },
    {
        "name": "Wyandotte Nation, Oklahoma",
        "link": "/wiki/Wyandotte_Nation,_Oklahoma"
    },
    {
        "name": "Yankton Sioux Tribe of South Dakota",
        "link": "/wiki/Yankton_Sioux_Tribe_of_South_Dakota"
    },
    {
        "name": "Yavapai-Apache Nation of the Camp Verde Indian Reservation, Arizona",
        "link": "/wiki/Yavapai-Apache_Nation_of_the_Camp_Verde_Indian_Reservation,_Arizona"
    },
    {
        "name": "Yavapai-Prescott Indian Tribe",
        "link": "/wiki/Yavapai-Prescott_Indian_Tribe"
    },
    {
        "name": "Yavapai-Prescott Tribe of the Yavapai Reservation, Arizona",
        "link": "/wiki/Yavapai-Prescott_Tribe_of_the_Yavapai_Reservation,_Arizona"
    },
    {
        "name": "Yerington Paiute Tribe of the Yerington Colony & Campbell Ranch, Nevada",
        "link": "/wiki/Yerington_Paiute_Tribe_of_the_Yerington_Colony_%26_Campbell_Ranch,_Nevada"
    },
    {
        "name": "Yocha Dehe Wintun Nation, California",
        "link": "/wiki/Yocha_Dehe_Wintun_Nation,_California"
    },
    {
        "name": "Rumsey Indian Rancheria of Wintun Indians of California",
        "link": "/wiki/Rumsey_Indian_Rancheria_of_Wintun_Indians_of_California"
    },
    {
        "name": "Yomba Shoshone Tribe of the Yomba Reservation, Nevada",
        "link": "/wiki/Yomba_Shoshone_Tribe_of_the_Yomba_Reservation,_Nevada"
    },
    {
        "name": "Ysleta Del Sur Pueblo of Texas",
        "link": "/wiki/Ysleta_Del_Sur_Pueblo_of_Texas"
    },
    {
        "name": "Yurok Tribe of the Yurok Reservation, California",
        "link": "/wiki/Yurok_Tribe_of_the_Yurok_Reservation,_California"
    },
    {
        "name": "Zuni Tribe of the Zuni Reservation, New Mexico",
        "link": "/wiki/Zuni_Tribe_of_the_Zuni_Reservation,_New_Mexico"
    },
    {
        "name": "State recognized tribes in the United States",
        "link": "/wiki/State_recognized_tribes_in_the_United_States"
    },
    {
        "name": "National Park Service Native American Heritage Sites",
        "link": "/wiki/Native_American_Heritage_Sites_(U.S._National_Park_Service)"
    },
    {
        "name": "(Federally or state) unrecognized tribes",
        "link": "/wiki/Unrecognized_tribes"
    },
    {
        "name": "Tribal sovereignty",
        "link": "/wiki/Tribal_sovereignty"
    },
    {
        "name": "List of First Nations governments",
        "link": "/wiki/List_of_First_Nations_governments"
    },
    {
        "name": "Washington Post",
        "link": "/wiki/Washington_Post"
    },
    {
        "name": "Standing Bear v. Crook",
        "link": "/wiki/Standing_Bear_v._Crook"
    },
    {
        "name": "Federally recognized tribes",
        "link": "/wiki/List_of_federally_recognized_tribes"
    },
    {
        "name": "Archaic period in the Americas",
        "link": "/wiki/Archaic_period_in_the_Americas"
    },
    {
        "name": "Slavery",
        "link": "/wiki/Native_American_slaves"
    },
    {
        "name": "Certificate Degree of Indian Blood",
        "link": "/wiki/Certificate_Degree_of_Indian_Blood"
    },
    {
        "name": "Racial Integrity Act",
        "link": "/wiki/Racial_Integrity_Act"
    },
    {
        "name": "Indian Citizenship Act of 1924",
        "link": "/wiki/Indian_Citizenship_Act_of_1924"
    },
    {
        "name": "Indian Reorganization Act of 1934",
        "link": "/wiki/Indian_Reorganization_Act_of_1934"
    },
    {
        "name": "Native American rights",
        "link": "/wiki/Native_American_rights"
    },
    {
        "name": "Culture",
        "link": "/wiki/Native_American_culture"
    },
    {
        "name": "Art",
        "link": "/wiki/Native_American_art"
    },
    {
        "name": "Food",
        "link": "/wiki/Native_American_cuisine"
    },
    {
        "name": "Music",
        "link": "/wiki/Native_American_music"
    },
    {
        "name": "Tribal sovereignty",
        "link": "/wiki/Tribal_sovereignty"
    },
    {
        "name": "Wars",
        "link": "/wiki/Native_American_wars"
    },
    {
        "name": "Osage Indian War ",
        "link": "/wiki/Osage_Indian_War"
    },
    {
        "name": "Comanche Campaign (1867–1875)",
        "link": "/wiki/Comanche_Campaign"
    },
    {
        "name": "Tonto War (1871–1875)",
        "link": "/wiki/Yavapai_War"
    },
    {
        "name": "Black Hawk War (1865–1872)",
        "link": "/wiki/Black_Hawk_War_(1865%E2%80%9372)"
    },
    {
        "name": "White River War (1879)",
        "link": "/wiki/White_River_War"
    },
    {
        "name": "Hualapai War (1865–1870)",
        "link": "/wiki/Hualapai_War_(1865%E2%80%9370)"
    },
    {
        "name": "Native American church",
        "link": "/wiki/Native_American_church"
    },
    {
        "name": "Civil Rights Movement",
        "link": "/wiki/Civil_Rights_Movement"
    },
    {
        "name": "Red Power Movement",
        "link": "/wiki/Red_Power_Movement"
    },
    {
        "name": "Occupation of Wounded Knee",
        "link": "/wiki/Occupation_of_Wounded_Knee"
    },
    {
        "name": "National Association for the Advancement of Colored People (NAACP)",
        "link": "/wiki/National_Association_for_the_Advancement_of_Colored_People"
    },
    {
        "name": "Neighborhoods",
        "link": "/wiki/List_of_U.S._communities_with_Native_American_majority_populations"
    },
    {
        "name": "Reservations",
        "link": "/wiki/Indian_Reservation"
    },
    {
        "name": "List",
        "link": "/wiki/List_of_U.S._communities_with_Native_American_majority_populations"
    },
    {
        "name": "Baltimore",
        "link": "/wiki/History_of_the_Native_Americans_in_Baltimore"
    },
    {
        "name": "Oklahoma",
        "link": "/wiki/List_of_Native_American_Tribes_in_Oklahoma"
    },
    {
        "name": "List of federally recognized tribes",
        "link": "/wiki/List_of_federally_recognized_tribes"
    }
]